Opportunity,URL,Audience,RulesURL,AllowedFormat,ContactMethod,Pitch,Risk,Priority,SKU,Verified,VerifiedAt,Notes
"Product Hunt (Post Product)","https://help.producthunt.com/en/articles/479557-how-to-post-a-product","Makers and early adopters discovering new products","https://help.producthunt.com/en/articles/3615694-community-guidelines","Post a product page (free tool) + first comment with context; no spam / no vote solicitation","Post via Product Hunt account","Free KDP Niche Scorecard Generator: score an idea across 5 dimensions; optional $19 report; no-guarantee planning aid","Medium","5","KDP-SCORECARD-001","Yes","2026-04-26","Use the canonical page URL as the Product Hunt URL target; keep claims conservative. Posting requires personal account access; automation preflight redirected to access article. Evidence: outputs/ph-access-help.png."
"Hacker News (Show HN)","https://news.ycombinator.com/showhn.html","Builders and technical founders who try tools","https://news.ycombinator.com/newsguidelines.html","Show HN post for something users can try; avoid promotion-only behavior","Submit as 'Show HN: ...' + participate in thread","Show HN: a free niche scorecard web tool for KDP ideas (no signup) — looking for feedback on scoring and UX","Medium","5","KDP-SCORECARD-001","Yes","2026-04-26","HN guidelines warn against using HN primarily for promotion; be present to answer questions. Submit requires login. Evidence: outputs/hn-login.png."
"Hacker News (Regular Submit)","https://news.ycombinator.com/newsguidelines.html","Builders and founders; general curiosity audience","https://news.ycombinator.com/newsguidelines.html","Submit original source; avoid title spam; no vote solicitation","Submit link + respond thoughtfully","Submit the free scorecard as a useful resource (title without hype); answer scoring questions in comments","Medium","4","KDP-SCORECARD-001","Yes","2026-04-26","If posting the tool directly feels too promotional, write a substantive write-up on your own site and submit that."
"Indie Hackers (Products Directory)","https://www.indiehackers.com/products","Indie makers and bootstrappers browsing new products","https://www.indiehackers.com/","Create/claim product listing; keep it genuinely useful","Create product listing + engage with comments","List the scorecard as a free tool for self-publishers; focus on the free value; optional report mention","Low","4","KDP-SCORECARD-001","Partial","2026-04-26","Verify current submission flow inside Indie Hackers UI before investing time."
"Indie Hackers (Forum Post)","https://www.indiehackers.com/","Indie makers discussing launches and growth","https://www.indiehackers.com/","Value-first post; avoid spammy repeated launches","Create a post + respond to feedback","Write a short builder note: what the scorecard measures, what it does not, and ask for scoring feedback","Low","4","KDP-SCORECARD-001","Partial","2026-04-26","Treat this as a feedback-seeking post, not a sales post."
"Reddit r/selfpublish","https://www.reddit.com/r/selfpublish/","Self-publishing industry discussion","https://www.reddit.com/r/selfpublish/about/rules","No self-promo outside pinned promo thread; no links in posts/comments (per mod-bot removals); discussion only","Post value thread; if allowed use pinned promo thread","Share the 5-factor niche scoring rubric as text-only; do not link unless rules explicitly allow it","High","3","KDP-SCORECARD-001","Yes","2026-04-26","Treat as 'no links, no promo' by default; verify the current pinned thread rules first."
"Reddit r/KDP","https://www.reddit.com/r/KDP/","KDP operators and beginners","https://www.reddit.com/r/KDP/about/rules","General discussion; self-promo often disallowed; avoid Amazon links unless explicitly allowed","Post discussion question + participate","Ask for critique: which of the 5 score dimensions matters most for low-content books, and why","High","3","KDP-SCORECARD-001","Partial","2026-04-26","Default: no direct product link; ask for feedback and share rubric inline."
"Reddit r/selfpublishing","https://www.reddit.com/r/selfpublishing/","Self-publishers and author ops","https://www.reddit.com/r/selfpublishing/about/rules","Check rules; many subs limit promo and external links","Post value thread; modmail if unsure","Post a 'go/no-go niche checklist' and invite critique; link only if rules allow","High","3","KDP-SCORECARD-001","Partial","2026-04-26","Verify rules before posting; keep the body useful without a link."
"Reddit r/publishing","https://www.reddit.com/r/publishing/","Publishing industry discussion","https://www.reddit.com/r/publishing/about/rules","Check rules; avoid self-promo; keep discussion industry-focused","Post discussion thread","Discuss how to evaluate niche viability for low-content/guided books without sales claims; no direct promo","High","2","KDP-SCORECARD-001","Partial","2026-04-26","Not KDP-focused; keep it strategic and avoid selling."
"Reddit r/authors","https://www.reddit.com/r/authors/","Working authors and author-adjacent workflows","https://www.reddit.com/r/authors/about/rules","Check rules; likely limits self-promo and solicitation","Post value post","Share a template for validating a book idea before writing/formatting; no links unless allowed","High","2","KDP-SCORECARD-001","Partial","2026-04-26","Keep it about process, not your tool."
"Reddit r/writing","https://www.reddit.com/r/writing/","Writers; craft and process","https://www.reddit.com/r/writing/about/rules","Check rules; many craft subs restrict promo","Post value post","Share a 'clarify the buyer + promise' worksheet for non-fiction/guided books; avoid selling","High","2","KDP-SCORECARD-001","Partial","2026-04-26","Expect strict promo rules; only post if you can deliver standalone value."
"Reddit r/printondemand","https://www.reddit.com/r/printondemand/","POD sellers and KDP-adjacent creators","https://www.reddit.com/r/printondemand/about/rules","Check rules; likely anti-spam; value-first","Post value post","Share how you screen POD niches (5-factor rubric) and ask others what signals they use","Medium","3","KDP-SCORECARD-001","Partial","2026-04-26","Only add a link if rules permit and engagement is positive."
"Reddit r/SideProject","https://www.reddit.com/r/SideProject/","Makers sharing things they've built","https://www.reddit.com/r/SideProject/about/rules","Check rules; often allows 'I made this' posts with a link if high-quality","Post an 'I built this' with demo link","I built a free KDP idea scorecard tool; no signup; looking for feedback on scoring clarity and UX","Medium","4","KDP-SCORECARD-001","Partial","2026-04-26","This is one of the more link-tolerant options if you follow quality norms. Submit requires login. Evidence: outputs/reddit-login.png."
"Reddit r/Entrepreneur","https://www.reddit.com/r/Entrepreneur/","Small business / entrepreneurship","https://www.reddit.com/r/Entrepreneur/about/rules","Check rules; avoid spam; keep it educational","Post discussion thread","Share the validation rubric as a framework for creator-product niches; avoid direct linking unless allowed","High","2","KDP-SCORECARD-001","Partial","2026-04-26","High spam sensitivity; be conservative."
"KDP Community Forum (Amazon)","https://kdp.amazon.com/help/topic/GMC96WUF2L2W7XLR","KDP authors/operators inside the official KDP forum","https://kdp.amazon.com/en_US/help/topic/GPSDSZJL9RFMKK3W","Limit promotion to one thread; follow official community guidelines","Create one promo thread; reply to questions in-thread","Share the free rubric + a link to the tool as an optional resource; invite critique and questions","Medium","4","KDP-SCORECARD-001","Yes","2026-04-26","Keep it as one thread and update it as the canonical discussion thread."
"KBoards (Kindle community)","https://www.kboards.com/","Self-publishing forum users","https://www.kboards.com/","Forum-specific rules; promo usually limited to specific sections","Post in correct subforum; ask mods if unsure","Post a 'niche scoring worksheet' and ask for critique; only link if forum rules allow","Medium","2","KDP-SCORECARD-001","Partial","2026-04-26","Treat as forum-first: contribute before linking."
"LinkedIn (Founder Post)","https://www.linkedin.com/","Professional network; creators and entrepreneurs","https://www.linkedin.com/legal/user-agreement","Organic post with link; avoid spam; be transparent","Post from personal profile","Share the 5-factor rubric + a link to the free tool; mention optional $19 report; no-guarantee","Low","3","KDP-SCORECARD-001","Partial","2026-04-26","Use a screenshot of the scorecard for higher engagement."
"X / Twitter (Thread)","https://x.com/","Creators and indie makers; broad","https://help.x.com/en/rules-and-policies","Thread with value-first tips + link at end","Post thread","Thread: 5 questions that kill weak KDP ideas; link to free scorecard at the end","Medium","3","KDP-SCORECARD-001","Partial","2026-04-26","Avoid aggressive CTA; keep it educational."
"Pinterest (Pin)","https://www.pinterest.com/","Search-driven creators; KDP planners","https://policy.pinterest.com/en/community-guidelines","Pins linking to free tool; avoid spam; follow platform rules","Create pins/boards","Pin concept: 'Is your KDP idea worth building? Run the free scorecard' + link to /kdp-niche-scorecard","Low","4","KDP-SCORECARD-001","Partial","2026-04-26","Best paired with multiple variants; track outbound clicks."
"YouTube (Short)","https://www.youtube.com/","Creators searching for KDP workflows","https://support.google.com/youtube/answer/9288567","Short screen-recording; link in description","Publish short","15-30s demo: score an idea in 30 seconds; mention no-guarantee; link to tool","Medium","3","KDP-SCORECARD-001","Partial","2026-04-26","Keep it tool-demo, not income-claim content."
"TikTok (Short)","https://www.tiktok.com/","Creators; short-form discovery","https://www.tiktok.com/community-guidelines","Short tool demo; link in bio","Publish video","Hook: 'Before you build another planner… score the niche' + quick demo; no income claims","Medium","2","KDP-SCORECARD-001","Partial","2026-04-26","Optional channel; only if you already have an account."
"Reddit r/EtsySellers","https://www.reddit.com/r/EtsySellers/","Etsy sellers and digital product creators","https://www.reddit.com/r/EtsySellers/about/rules","Check rules; many subs restrict promo and links","Post value post","Share 'digital product validation checklist' + ask what signals sellers use; avoid direct link unless allowed","High","2","BL-001","Partial","2026-04-26","If rules are strict, keep it 100% value and skip linking."
"Reddit r/Etsy","https://www.reddit.com/r/Etsy/","Etsy marketplace discussion","https://www.reddit.com/r/Etsy/about/rules","Check rules; avoid solicitation and spam","Post discussion thread","Discuss how to validate a printable niche (buyer + giftability + competition clarity) without self-promo","High","2","BL-001","Partial","2026-04-26","Not ideal for linking; aim for learning and language capture."
"Reddit r/canva","https://www.reddit.com/r/canva/","Canva users; template creators","https://www.reddit.com/r/canva/about/rules","Check rules; avoid promo","Post value post","Share a 'template idea validation' rubric and ask for feedback; avoid linking unless allowed","High","2","BL-001","Partial","2026-04-26","Use as buyer-language mining, not direct distribution."
"Reddit r/digitalproducts","https://www.reddit.com/r/digitalproducts/","Digital product builders","https://www.reddit.com/r/digitalproducts/about/rules","Check rules; mod status may vary","Post value post","Share a 'zero-spend validation' checklist and offer the free sample as an example if rules allow links","Medium","3","BL-001","Partial","2026-04-26","Verify whether the sub is active/moderated before posting."
"Reddit r/SideHustle","https://www.reddit.com/r/sidehustle/","Side hustlers and early-stage sellers","https://www.reddit.com/r/sidehustle/about/rules","Check rules; avoid spam","Post discussion thread","Share a framework for validating small digital products; ask others what worked without ads","High","2","BL-001","Partial","2026-04-26","Do not pitch; seek feedback + learn."
"Gumroad Discover","https://gumroad.com/discover","Digital product buyers browsing Gumroad","https://gumroad.com/terms","List product; follow platform policies","Publish listing + add tags","List the kit with a strong free sample and clear refund terms; avoid claims; track clicks","Low","3","BL-001","Partial","2026-04-26","Requires a Gumroad account; no paid upgrades needed to list."
"Payhip Marketplace","https://payhip.com/marketplace","Digital product buyers browsing Payhip","https://payhip.com/terms","List product; follow platform policies","Publish listing","List the kit with clear file list + free sample; track page views / downloads","Low","3","BL-001","Partial","2026-04-26","Requires a Payhip account; keep intro pricing consistent with ops docs."
"Lobsters (if the scorecard is positioned as a tool)","https://lobste.rs/","Technical community; makers","https://lobste.rs/guidelines","Submit link if on-topic; avoid promotion-only behavior","Submit + discuss","Share as a small tool built for a niche; ask for feedback on the scoring model and UX","Medium","2","KDP-SCORECARD-001","Partial","2026-04-26","Only worth it if the post is framed as a tool build and you engage in comments."
"Stack Exchange (answer-only, no spam)","https://meta.stackexchange.com/help/promotion","Q&A communities with strict anti-spam norms","https://meta.stackexchange.com/help/promotion","Only link when directly relevant; answers must stand alone","Answer relevant questions","If someone asks for a niche-validation rubric, answer fully and optionally link at end with disclosure","High","1","KDP-SCORECARD-001","Yes","2026-04-26","Do not use for distribution; use only when responding to a directly relevant question."
