Keyword,Intent,Platform,Title Usage,Priority,Notes
memory journal gift,Gift buyer,KDP Payhip Pinterest,Primary product headline,High,Narrow gift intent
grandma memory journal,Gift buyer KDP seller,KDP Payhip Pinterest,SKU title and pin title,High,First recipient angle
guided memory journal,Gift buyer,KDP Blog Pinterest,Subtitle or FAQ,High,Explains format
family keepsake journal,Gift buyer,KDP Pinterest,Alternative title,High,Emotional positioning
questions to ask your grandmother journal,Gift buyer Pinterest,Pinterest pin and FAQ,High,Long-tail prompt intent
grandparent memory book,Gift buyer,KDP Pinterest,Variant title,High,Adjacent variant
memory book for mom,Gift buyer,KDP Pinterest,Variant research,Medium,Potential clone
family stories keepsake book,Gift buyer,KDP Blog,SEO paragraph,Medium,Preservation angle
legacy journal for parents,Gift buyer,KDP Blog,Variant research,Medium,Use carefully around grief/sentiment
printable memory journal interior,Creator,KDP Payhip Blog,Creator-facing product copy,High,Matches digital-product buyer
KDP memory journal template,Creator,KDP Payhip Blog,Creator-facing title,High,Buyer intent for kit
guided journal prompts for grandparents,Gift buyer Pinterest,Pin title and sample CTA,Medium,Content-led traffic
family history journal prompts,Creator gift buyer,Blog Pinterest,Value post title,Medium,Useful non-promotional content
meaningful gift for grandma,Gift buyer,Pinterest Blog,Gift-guide pin,Medium,Soft consumer angle
Mother's Day memory journal,Seasonal gift buyer,Pinterest Blog,Seasonal pin,Medium,Use near holiday windows
Christmas gift memory journal,Seasonal gift buyer,Pinterest Blog,Seasonal pin,Medium,Use near holiday windows
gift for aging parents,Gift buyer,Pinterest Blog,Gift-guide angle,Medium,Use respectfully
grandma memory journal gift,Gift buyer,Pinterest KDP,Pin title and marketplace title variant,High,Direct gift phrasing
grandmother memory journal,Gift buyer,KDP Pinterest,Title variant and backend keyword,High,Synonym coverage
grandma keepsake journal,Gift buyer,Pinterest KDP,Pin title and backend keyword,High,Giftable keepsake angle
grandma story journal,Gift buyer,Pinterest KDP,Title variant,High,Story preservation framing
grandma life story journal,Gift buyer,Pinterest KDP,Title variant,High,Life story positioning
grandmother interview journal,Gift buyer,Pinterest KDP,Pin hook and FAQ,High,Interview prompt intent
questions to ask grandma,Gift buyer,Pinterest Blog,Pin title and value post title,High,Shorter query for pins
questions for grandma journal,Gift buyer,Pinterest KDP,Pin title,Medium,Journalized long-tail
grandma journal prompts,Gift buyer,Pinterest Blog,Value post H2,Medium,Content keyword
family memory journal,Gift buyer,KDP Pinterest,Title variant,High,Broader family angle
family memories journal prompts,Gift buyer,Blog Pinterest,Value post title,Medium,Content-led traffic
family story journal prompts,Gift buyer,Blog Pinterest,Value post title,Medium,Prompt intent
family interview questions journal,Gift buyer,Blog Pinterest,Value post title,Medium,Interview format
questions to ask your parents journal,Gift buyer,Blog Pinterest,Variant research,Medium,Adjacent recipient
memory journal for mom,Gift buyer,KDP Pinterest,Variant title research,Medium,Clone candidate
grandpa memory journal,Gift buyer,KDP Pinterest,Variant title research,Medium,Clone candidate
grandparent interview questions,Gift buyer,Blog Pinterest,Value post title,Medium,Non-journal phrasing
family history interview questions,Gift buyer,Blog Pinterest,Value post title,Medium,Evergreen content
keepsake journal for grandparents,Gift buyer,KDP Pinterest,Title variant,High,Recipient framing
keepsake journal for grandma,Gift buyer,KDP Pinterest,Title variant,High,Recipient framing
guided journal for grandma,Gift buyer,KDP Pinterest,Title variant,High,Format plus recipient
printable memory journal PDF,Creator,KDP Payhip Gumroad,Marketplace keywords and tags,High,Digital format cue
printable guided journal template,Creator,Payhip Gumroad Blog,Creator-facing title,High,Template intent
guided journal interior template,Creator,Payhip Gumroad,Bullet section header,Medium,Interior focus
KDP guided journal interior,Creator,KDP Blog,Creator-facing SEO paragraph,High,KDP-specific
KDP journal interior PDF,Creator,KDP Blog,Creator-facing SEO paragraph,Medium,Format plus KDP
printable journal launch kit,Creator,Gumroad Payhip,Benefit bullet header,High,Direct kit intent
giftable journal niche idea,Creator,Blog,SEO paragraph,Medium,Idea validation tie-in
KDP gift journal niche,Creator,Blog,SEO paragraph,Medium,Positioning for creators
memory journal niche research,Creator,Blog,SEO paragraph,Medium,Creator research angle
printable keepsake journal template,Creator,Payhip Gumroad,Marketplace keyword,High,Keepsake plus template
guided keepsake journal template,Creator,Payhip Gumroad,Marketplace keyword,Medium,Template variant
family keepsake journal template,Creator,Payhip Gumroad,Marketplace keyword,High,Template variant
